name,metal,organism,reference,FASTA_AA
acn, Iron (Fe),Mycobacterium tuberculosis H37Rv,http://www.ncbi.nlm.nih.gov/pubmed/9864233/,http://bacmet.biomedicine.gu.se/advanced_get_fasta.pl?accession=O53166
aioA/aoxB, Arsenic (As),Herminiimonas arsenicoxydans,http://www.ncbi.nlm.nih.gov/pubmed/12486049/,http://bacmet.biomedicine.gu.se/advanced_get_fasta.pl?accession=Q8GGJ6
aioB/aoxA, Arsenic (As),Herminiimonas arsenicoxydans,http://www.ncbi.nlm.nih.gov/pubmed/12486049/,http://bacmet.biomedicine.gu.se/advanced_get_fasta.pl?accession=Q8GGJ7
acrD," Copper (Cu), Zinc (Zn)",Salmonella enterica serovar Typhimurium,http://www.ncbi.nlm.nih.gov/pubmed/17933888/,http://bacmet.biomedicine.gu.se/advanced_get_fasta.pl?accession=Q8ZN77
acr3, Arsenic (As),Campylobacter jejuni,http://www.ncbi.nlm.nih.gov/pubmed/19502436/,http://bacmet.biomedicine.gu.se/advanced_get_fasta.pl?accession=B5LX01
aioR/aoxR, Arsenic (As),Rhizobium radiobacter (Agrobacterium tumefaciens) (Agrobacterium radiobacter),http://www.ncbi.nlm.nih.gov/pubmed/16428412/,http://bacmet.biomedicine.gu.se/advanced_get_fasta.pl?accession=Q2VGB1
actP," Copper (Cu), Sodium acetate [class: Acetate]",Sinorhizobium medicae (strain WSM419) (Ensifer medicae),http://www.ncbi.nlm.nih.gov/pubmed/11936079/,http://bacmet.biomedicine.gu.se/advanced_get_fasta.pl?accession=Q9X5X3
actP," Copper (Cu), Sodium acetate [class: Acetate]",Sinorhizobium medicae (strain WSM419) (Ensifer medicae),http://www.ncbi.nlm.nih.gov/pubmed/11936079/,http://bacmet.biomedicine.gu.se/advanced_get_fasta.pl?accession=Q9X5X3
aioS/aoxS, Arsenic (As),Rhizobium radiobacter (Agrobacterium tumefaciens) (Agrobacterium radiobacter),http://www.ncbi.nlm.nih.gov/pubmed/16428412/,http://bacmet.biomedicine.gu.se/advanced_get_fasta.pl?accession=Q2VGB2
arsA," Arsenic (As), Antimony (Sb)",Escherichia coli,http://www.ncbi.nlm.nih.gov/pubmed/8674982/,http://bacmet.biomedicine.gu.se/advanced_get_fasta.pl?accession=P52145
ALU1-P, Aluminium (Al),Arthrobacter viscosus ALRJJ6,http://www.ncbi.nlm.nih.gov/pubmed/9367855/,http://bacmet.biomedicine.gu.se/advanced_get_fasta.pl?accession=O52119
aioX/aoxX, Arsenic (As),Rhizobium radiobacter (Agrobacterium tumefaciens) (Agrobacterium radiobacter),http://www.ncbi.nlm.nih.gov/pubmed/22176720/,http://bacmet.biomedicine.gu.se/advanced_get_fasta.pl?accession=G8XNW6
arsB," Arsenic (As), Antimony (Sb)",Escherichia coli,http://www.ncbi.nlm.nih.gov/pubmed/1688427/,http://bacmet.biomedicine.gu.se/advanced_get_fasta.pl?accession=P08691
arsB," Arsenic (As), Antimony (Sb)",Escherichia coli,http://www.ncbi.nlm.nih.gov/pubmed/1688427/,http://bacmet.biomedicine.gu.se/advanced_get_fasta.pl?accession=P08691
arsA," Arsenic (As), Antimony (Sb)",Escherichia coli,http://www.ncbi.nlm.nih.gov/pubmed/8674982/,http://bacmet.biomedicine.gu.se/advanced_get_fasta.pl?accession=P52145
arsB," Arsenic (As), Antimony (Sb)",Escherichia coli,http://www.ncbi.nlm.nih.gov/pubmed/1688427/,http://bacmet.biomedicine.gu.se/advanced_get_fasta.pl?accession=P08691
arsB," Arsenic (As), Antimony (Sb)",Escherichia coli,http://www.ncbi.nlm.nih.gov/pubmed/1688427/,http://bacmet.biomedicine.gu.se/advanced_get_fasta.pl?accession=P08691
arsB," Arsenic (As), Antimony (Sb)",Escherichia coli,http://www.ncbi.nlm.nih.gov/pubmed/1688427/,http://bacmet.biomedicine.gu.se/advanced_get_fasta.pl?accession=P08691
arsB," Arsenic (As), Antimony (Sb)",Escherichia coli,http://www.ncbi.nlm.nih.gov/pubmed/1688427/,http://bacmet.biomedicine.gu.se/advanced_get_fasta.pl?accession=P08691
arsB," Arsenic (As), Antimony (Sb)",Escherichia coli,http://www.ncbi.nlm.nih.gov/pubmed/1688427/,http://bacmet.biomedicine.gu.se/advanced_get_fasta.pl?accession=P08691
arsB," Arsenic (As), Antimony (Sb)",Escherichia coli,http://www.ncbi.nlm.nih.gov/pubmed/1688427/,http://bacmet.biomedicine.gu.se/advanced_get_fasta.pl?accession=P08691
arsC, Arsenic (As),Staphylococcus aureus,http://www.ncbi.nlm.nih.gov/pubmed/1534328/,http://bacmet.biomedicine.gu.se/advanced_get_fasta.pl?accession=P0A006
arsC, Arsenic (As),Staphylococcus aureus,http://www.ncbi.nlm.nih.gov/pubmed/1534328/,http://bacmet.biomedicine.gu.se/advanced_get_fasta.pl?accession=P0A006
arsC, Arsenic (As),Staphylococcus aureus,http://www.ncbi.nlm.nih.gov/pubmed/1534328/,http://bacmet.biomedicine.gu.se/advanced_get_fasta.pl?accession=P0A006
arsC, Arsenic (As),Staphylococcus aureus,http://www.ncbi.nlm.nih.gov/pubmed/1534328/,http://bacmet.biomedicine.gu.se/advanced_get_fasta.pl?accession=P0A006
arsC, Arsenic (As),Staphylococcus aureus,http://www.ncbi.nlm.nih.gov/pubmed/1534328/,http://bacmet.biomedicine.gu.se/advanced_get_fasta.pl?accession=P0A006
arsC, Arsenic (As),Staphylococcus aureus,http://www.ncbi.nlm.nih.gov/pubmed/1534328/,http://bacmet.biomedicine.gu.se/advanced_get_fasta.pl?accession=P0A006
arsC, Arsenic (As),Staphylococcus aureus,http://www.ncbi.nlm.nih.gov/pubmed/1534328/,http://bacmet.biomedicine.gu.se/advanced_get_fasta.pl?accession=P0A006
arsC, Arsenic (As),Staphylococcus aureus,http://www.ncbi.nlm.nih.gov/pubmed/1534328/,http://bacmet.biomedicine.gu.se/advanced_get_fasta.pl?accession=P0A006
arsA," Arsenic (As), Antimony (Sb)",Escherichia coli,http://www.ncbi.nlm.nih.gov/pubmed/8674982/,http://bacmet.biomedicine.gu.se/advanced_get_fasta.pl?accession=P52145
arsD, Arsenic (As),Escherichia coli,http://www.ncbi.nlm.nih.gov/pubmed/8326869/,http://bacmet.biomedicine.gu.se/advanced_get_fasta.pl?accession=P46003
arsH, Arsenic (As),Yersinia pestis Java 9,http://www.ncbi.nlm.nih.gov/pubmed/9006011/,http://bacmet.biomedicine.gu.se/advanced_get_fasta.pl?accession=E8PS81
arsP, Arsenic (As),Campylobacter jejuni,http://www.ncbi.nlm.nih.gov/pubmed/19502436/,http://bacmet.biomedicine.gu.se/advanced_get_fasta.pl?accession=B5LWZ8
arsM, Arsenic (As),Rhodopseudomonas palustris CGA009,http://www.ncbi.nlm.nih.gov/pubmed/16452170/,http://bacmet.biomedicine.gu.se/advanced_get_fasta.pl?accession=Q6N3Y0
arsR, Arsenic (As),Yersinia enterocolitica,http://www.ncbi.nlm.nih.gov/pubmed/9006011/,http://bacmet.biomedicine.gu.se/advanced_get_fasta.pl?accession=P74986
arsD, Arsenic (As),Escherichia coli,http://www.ncbi.nlm.nih.gov/pubmed/8326869/,http://bacmet.biomedicine.gu.se/advanced_get_fasta.pl?accession=P46003
arsR, Arsenic (As),Yersinia enterocolitica,http://www.ncbi.nlm.nih.gov/pubmed/9006011/,http://bacmet.biomedicine.gu.se/advanced_get_fasta.pl?accession=P74986
arsR, Arsenic (As),Yersinia enterocolitica,http://www.ncbi.nlm.nih.gov/pubmed/9006011/,http://bacmet.biomedicine.gu.se/advanced_get_fasta.pl?accession=P74986
bhsA/ycfR/comC, Copper (Cu),Escherichia coli (strain K12),http://www.ncbi.nlm.nih.gov/pubmed/17293424/,http://bacmet.biomedicine.gu.se/advanced_get_fasta.pl?accession=P0AB40
bfrA, Iron (Fe),Mycobacterium tuberculosis,http://www.ncbi.nlm.nih.gov/pubmed/11722747/,http://bacmet.biomedicine.gu.se/advanced_get_fasta.pl?accession=P63697
arsR, Arsenic (As),Yersinia enterocolitica,http://www.ncbi.nlm.nih.gov/pubmed/9006011/,http://bacmet.biomedicine.gu.se/advanced_get_fasta.pl?accession=P74986
arsR, Arsenic (As),Yersinia enterocolitica,http://www.ncbi.nlm.nih.gov/pubmed/9006011/,http://bacmet.biomedicine.gu.se/advanced_get_fasta.pl?accession=P74986
cadA/yvgW," Cadmium (Cd), Zinc (Zn)",Helicobacter pylori (strain ATCC 700392/26695)(Campylobacter pylori),http://www.ncbi.nlm.nih.gov/pubmed/10417643/,http://bacmet.biomedicine.gu.se/advanced_get_fasta.pl?accession=Q59465
arsR, Arsenic (As),Yersinia enterocolitica,http://www.ncbi.nlm.nih.gov/pubmed/9006011/,http://bacmet.biomedicine.gu.se/advanced_get_fasta.pl?accession=P74986
arsR, Arsenic (As),Yersinia enterocolitica,http://www.ncbi.nlm.nih.gov/pubmed/9006011/,http://bacmet.biomedicine.gu.se/advanced_get_fasta.pl?accession=P74986
cadC," Cadmium (Cd), Bismuth (Bi), Zinc (Zn), Lead (Pb)",Staphylococcus aureus,http://www.ncbi.nlm.nih.gov/pubmed/7543476/,http://bacmet.biomedicine.gu.se/advanced_get_fasta.pl?accession=P20047
ceuE, Chromium (Cr),Psudomonas aeruginosa,http://www.ncbi.nlm.nih.gov/pubmed/2152903/,http://bacmet.biomedicine.gu.se/advanced_get_fasta.pl?accession=D3UGE4
cadR, Cadmium (Cd),Pseudomonas putida (Arthrobacter siderocapsulatus),http://www.ncbi.nlm.nih.gov/pubmed/11282588/,http://bacmet.biomedicine.gu.se/advanced_get_fasta.pl?accession=Q93TP7
cadX," Cadmium (Cd), Zinc (Zn)",Streptococcus salivarius,http://www.ncbi.nlm.nih.gov/pubmed/18165364/,http://bacmet.biomedicine.gu.se/advanced_get_fasta.pl?accession=A7LHQ4
chrA, Chromium (Cr),Psudomonas aeruginosa,http://www.ncbi.nlm.nih.gov/pubmed/2152903/,http://bacmet.biomedicine.gu.se/advanced_get_fasta.pl?accession=P14285
cadD," Cadmium (Cd), Zinc (Zn)",Staphylococcus aureus (strain N315),http://www.ncbi.nlm.nih.gov/pubmed/10383976/,http://bacmet.biomedicine.gu.se/advanced_get_fasta.pl?accession=Q7A320
chrA1, Chromium (Cr),Ralstonia metallidurans (strain CH34/ATCC 43123/DSM2839),http://www.ncbi.nlm.nih.gov/pubmed/12471500/,http://bacmet.biomedicine.gu.se/advanced_get_fasta.pl?accession=P17551
chrA, Chromium (Cr),Psudomonas aeruginosa,http://www.ncbi.nlm.nih.gov/pubmed/2152903/,http://bacmet.biomedicine.gu.se/advanced_get_fasta.pl?accession=P14285
chrB1, Chromium (Cr),Ralstonia metallidurans (strain CH34/ATCC 43123/DSM2839),http://www.ncbi.nlm.nih.gov/pubmed/12471500/,http://bacmet.biomedicine.gu.se/advanced_get_fasta.pl?accession=P17552
chrC, Chromium (Cr),Ralstonia metallidurans (strain CH34/ATCC 43123/DSM2839),http://www.ncbi.nlm.nih.gov/pubmed/12471500/,http://bacmet.biomedicine.gu.se/advanced_get_fasta.pl?accession=P17550
cmtR," Cobalt (Co), Nickel (Ni)",Mycobacterium tuberculosis,http://www.ncbi.nlm.nih.gov/pubmed/12939264/,http://bacmet.biomedicine.gu.se/advanced_get_fasta.pl?accession=P67731
cinA, Copper (Cu),Pseudomonas aeruginosa PAO1,http://www.ncbi.nlm.nih.gov/pubmed/19239551/,http://bacmet.biomedicine.gu.se/advanced_get_fasta.pl?accession=Q9I036
cnrA," Cobalt (Co), Nickel (Ni)",Ralstonia metallidurans (strain CH34/ATCC 43123/DSM 2839),http://www.ncbi.nlm.nih.gov/pubmed/8380802/,http://bacmet.biomedicine.gu.se/advanced_get_fasta.pl?accession=P37972
chrI, Chromium (Cr),Ralstonia metallidurans (strain CH34/ATCC 43123/DSM2839),http://www.ncbi.nlm.nih.gov/pubmed/12471500/,http://bacmet.biomedicine.gu.se/advanced_get_fasta.pl?accession=Q1L9W3
chrF, Chromium (Cr),Ralstonia metallidurans (strain CH34/ATCC 43123/DSM2839),http://www.ncbi.nlm.nih.gov/pubmed/12471500/,http://bacmet.biomedicine.gu.se/advanced_get_fasta.pl?accession=Q5NUZ7
chrE, Chromium (Cr),Ralstonia metallidurans (strain CH34/ATCC 43123/DSM2839),http://www.ncbi.nlm.nih.gov/pubmed/12471500/,http://bacmet.biomedicine.gu.se/advanced_get_fasta.pl?accession=Q5NUZ8
chrR," Chromium (Cr), Iron (Fe), Hydrogen Peroxide (H2O2) [class: Peroxides], 2,6-dichloroindophenol [class: Phenolic Compounds]",Pseudomonas putida,http://www.ncbi.nlm.nih.gov/pubmed/15840577/,http://bacmet.biomedicine.gu.se/advanced_get_fasta.pl?accession=Q7BD45
cnrA," Cobalt (Co), Nickel (Ni)",Ralstonia metallidurans (strain CH34/ATCC 43123/DSM 2839),http://www.ncbi.nlm.nih.gov/pubmed/8380802/,http://bacmet.biomedicine.gu.se/advanced_get_fasta.pl?accession=P37972
cnrH," Cobalt (Co), Nickel (Ni)",Ralstonia metallidurans (strain CH34/ATCC 43123/DSM 2839),http://www.ncbi.nlm.nih.gov/pubmed/8380802/,http://bacmet.biomedicine.gu.se/advanced_get_fasta.pl?accession=P37978
cnrA," Cobalt (Co), Nickel (Ni)",Ralstonia metallidurans (strain CH34/ATCC 43123/DSM 2839),http://www.ncbi.nlm.nih.gov/pubmed/8380802/,http://bacmet.biomedicine.gu.se/advanced_get_fasta.pl?accession=P37972
cnrA," Cobalt (Co), Nickel (Ni)",Ralstonia metallidurans (strain CH34/ATCC 43123/DSM 2839),http://www.ncbi.nlm.nih.gov/pubmed/8380802/,http://bacmet.biomedicine.gu.se/advanced_get_fasta.pl?accession=P37972
cnrB," Cobalt (Co), Nickel (Ni)",Ralstonia metallidurans (strain CH34/ATCC 43123/DSM 2839),http://www.ncbi.nlm.nih.gov/pubmed/8380802/,http://bacmet.biomedicine.gu.se/advanced_get_fasta.pl?accession=P37973
cnrA," Cobalt (Co), Nickel (Ni)",Ralstonia metallidurans (strain CH34/ATCC 43123/DSM 2839),http://www.ncbi.nlm.nih.gov/pubmed/8380802/,http://bacmet.biomedicine.gu.se/advanced_get_fasta.pl?accession=P37972
cnrC," Cobalt (Co), Nickel (Ni)",Ralstonia metallidurans (strain CH34/ATCC 43123/DSM 2839),http://www.ncbi.nlm.nih.gov/pubmed/8380802/,http://bacmet.biomedicine.gu.se/advanced_get_fasta.pl?accession=P37974
cnrA," Cobalt (Co), Nickel (Ni)",Ralstonia metallidurans (strain CH34/ATCC 43123/DSM 2839),http://www.ncbi.nlm.nih.gov/pubmed/8380802/,http://bacmet.biomedicine.gu.se/advanced_get_fasta.pl?accession=P37972
copA," Copper (Cu), Silver (Ag)",Pseudomonas syringae pv. Tomato,http://www.ncbi.nlm.nih.gov/pubmed/1924351/,http://bacmet.biomedicine.gu.se/advanced_get_fasta.pl?accession=P12374
cnrR/cnrX," Cobalt (Co), Nickel (Ni)",Ralstonia metallidurans (strain CH34/ATCC 43123/DSM 2839),http://www.ncbi.nlm.nih.gov/pubmed/8380802/,http://bacmet.biomedicine.gu.se/advanced_get_fasta.pl?accession=P37975
copA," Copper (Cu), Silver (Ag)",Pseudomonas syringae pv. Tomato,http://www.ncbi.nlm.nih.gov/pubmed/1924351/,http://bacmet.biomedicine.gu.se/advanced_get_fasta.pl?accession=P12374
cnrT," Cobalt (Co), Nickel (Ni)",Ralstonia metallidurans (strain CH34/ATCC 43123/DSM 2839),http://www.ncbi.nlm.nih.gov/pubmed/10671463/,http://bacmet.biomedicine.gu.se/advanced_get_fasta.pl?accession=Q5NUX6
copA," Copper (Cu), Silver (Ag)",Pseudomonas syringae pv. Tomato,http://www.ncbi.nlm.nih.gov/pubmed/1924351/,http://bacmet.biomedicine.gu.se/advanced_get_fasta.pl?accession=P12374
cnrY," Cobalt (Co), Nickel (Ni)",Ralstonia metallidurans (strain CH34/ATCC 43123/DSM 2839),http://www.ncbi.nlm.nih.gov/pubmed/8380802/,http://bacmet.biomedicine.gu.se/advanced_get_fasta.pl?accession=P56621
copA," Copper (Cu), Silver (Ag)",Pseudomonas syringae pv. Tomato,http://www.ncbi.nlm.nih.gov/pubmed/1924351/,http://bacmet.biomedicine.gu.se/advanced_get_fasta.pl?accession=P12374
copA," Copper (Cu), Silver (Ag)",Pseudomonas syringae pv. Tomato,http://www.ncbi.nlm.nih.gov/pubmed/1924351/,http://bacmet.biomedicine.gu.se/advanced_get_fasta.pl?accession=P12374
copA," Copper (Cu), Silver (Ag)",Pseudomonas syringae pv. Tomato,http://www.ncbi.nlm.nih.gov/pubmed/1924351/,http://bacmet.biomedicine.gu.se/advanced_get_fasta.pl?accession=P12374
copA," Copper (Cu), Silver (Ag)",Pseudomonas syringae pv. Tomato,http://www.ncbi.nlm.nih.gov/pubmed/1924351/,http://bacmet.biomedicine.gu.se/advanced_get_fasta.pl?accession=P12374
copA," Copper (Cu), Silver (Ag)",Pseudomonas syringae pv. Tomato,http://www.ncbi.nlm.nih.gov/pubmed/1924351/,http://bacmet.biomedicine.gu.se/advanced_get_fasta.pl?accession=P12374
copB, Copper (Cu),Pseudomonas syringae pv. Tomato,http://www.ncbi.nlm.nih.gov/pubmed/3372485/,http://bacmet.biomedicine.gu.se/advanced_get_fasta.pl?accession=P12375
copB, Copper (Cu),Pseudomonas syringae pv. Tomato,http://www.ncbi.nlm.nih.gov/pubmed/3372485/,http://bacmet.biomedicine.gu.se/advanced_get_fasta.pl?accession=P12375
copB, Copper (Cu),Pseudomonas syringae pv. Tomato,http://www.ncbi.nlm.nih.gov/pubmed/3372485/,http://bacmet.biomedicine.gu.se/advanced_get_fasta.pl?accession=P12375
copB, Copper (Cu),Pseudomonas syringae pv. Tomato,http://www.ncbi.nlm.nih.gov/pubmed/3372485/,http://bacmet.biomedicine.gu.se/advanced_get_fasta.pl?accession=P12375
copB, Copper (Cu),Pseudomonas syringae pv. Tomato,http://www.ncbi.nlm.nih.gov/pubmed/3372485/,http://bacmet.biomedicine.gu.se/advanced_get_fasta.pl?accession=P12375
copC, Copper (Cu),Pseudomonas syringae pv. Tomato,http://www.ncbi.nlm.nih.gov/pubmed/1924351/,http://bacmet.biomedicine.gu.se/advanced_get_fasta.pl?accession=P12376
copC, Copper (Cu),Pseudomonas syringae pv. Tomato,http://www.ncbi.nlm.nih.gov/pubmed/1924351/,http://bacmet.biomedicine.gu.se/advanced_get_fasta.pl?accession=P12376
copC, Copper (Cu),Pseudomonas syringae pv. Tomato,http://www.ncbi.nlm.nih.gov/pubmed/1924351/,http://bacmet.biomedicine.gu.se/advanced_get_fasta.pl?accession=P12376
copD, Copper (Cu),Pseudomonas syringae pv. Tomato,http://www.ncbi.nlm.nih.gov/pubmed/3372485/,http://bacmet.biomedicine.gu.se/advanced_get_fasta.pl?accession=P12377
copD, Copper (Cu),Pseudomonas syringae pv. Tomato,http://www.ncbi.nlm.nih.gov/pubmed/3372485/,http://bacmet.biomedicine.gu.se/advanced_get_fasta.pl?accession=P12377
copD, Copper (Cu),Pseudomonas syringae pv. Tomato,http://www.ncbi.nlm.nih.gov/pubmed/3372485/,http://bacmet.biomedicine.gu.se/advanced_get_fasta.pl?accession=P12377
copJ, Copper (Cu),Ralstonia metallidurans (strain CH34/ATCC 43123/DSM 2839),http://www.ncbi.nlm.nih.gov/pubmed/1924351/,http://bacmet.biomedicine.gu.se/advanced_get_fasta.pl?accession=Q58AE1
copK, Copper (Cu),Ralstonia metallidurans (strain CH34/ATCC 43123/DSM 2839),http://www.ncbi.nlm.nih.gov/pubmed/18533181/,http://bacmet.biomedicine.gu.se/advanced_get_fasta.pl?accession=Q58AD3
copL, Copper (Cu),Xanthomonas perforans,http://www.ncbi.nlm.nih.gov/pubmed/21515725/,http://bacmet.biomedicine.gu.se/advanced_get_fasta.pl?accession=Q5YKV8
copP, Copper (Cu),Helicobacter felis (strain ATCC 49179 / NCTC 12436 / CS1),http://www.ncbi.nlm.nih.gov/pubmed/9440521/,http://bacmet.biomedicine.gu.se/advanced_get_fasta.pl?accession=O32620
copA," Copper (Cu), Silver (Ag)",Pseudomonas syringae pv. Tomato,http://www.ncbi.nlm.nih.gov/pubmed/1924351/,http://bacmet.biomedicine.gu.se/advanced_get_fasta.pl?accession=P12374
copP, Copper (Cu),Helicobacter felis (strain ATCC 49179 / NCTC 12436 / CS1),http://www.ncbi.nlm.nih.gov/pubmed/9440521/,http://bacmet.biomedicine.gu.se/advanced_get_fasta.pl?accession=O32620
copS, Copper (Cu),Pseudomonas fluorescens,http://www.ncbi.nlm.nih.gov/pubmed/19557345/,http://bacmet.biomedicine.gu.se/advanced_get_fasta.pl?accession=C6FFR5
copR, Copper (Cu),Pseudomonas syringae pv. Tomato,http://www.ncbi.nlm.nih.gov/pubmed/8449873/,http://bacmet.biomedicine.gu.se/advanced_get_fasta.pl?accession=Q02540
copR, Copper (Cu),Pseudomonas syringae pv. Tomato,http://www.ncbi.nlm.nih.gov/pubmed/8449873/,http://bacmet.biomedicine.gu.se/advanced_get_fasta.pl?accession=Q02540
comR/ycfQ, Copper (Cu),Escherichia coli (strain K12),http://www.ncbi.nlm.nih.gov/pubmed/21498759/,http://bacmet.biomedicine.gu.se/advanced_get_fasta.pl?accession=P75952
copY/tcrY, Copper (Cu),Enterococcus hirae,http://www.ncbi.nlm.nih.gov/pubmed/9083014/,http://bacmet.biomedicine.gu.se/advanced_get_fasta.pl?accession=Q47839
copS, Copper (Cu),Pseudomonas fluorescens,http://www.ncbi.nlm.nih.gov/pubmed/19557345/,http://bacmet.biomedicine.gu.se/advanced_get_fasta.pl?accession=C6FFR5
corA," Magnesium (Mg), Cobalt (Co), Nickel (Ni), Manganese (Mn)",Escherichia coli (strain K12),http://www.ncbi.nlm.nih.gov/pubmed/780341/,http://bacmet.biomedicine.gu.se/advanced_get_fasta.pl?accession=P0ABI4
corA," Magnesium (Mg), Cobalt (Co), Nickel (Ni), Manganese (Mn)",Escherichia coli (strain K12),http://www.ncbi.nlm.nih.gov/pubmed/780341/,http://bacmet.biomedicine.gu.se/advanced_get_fasta.pl?accession=P0ABI4
corC," Cobalt (Co), Magnesium (Mg)",Salmonella typhimurium (strain LT2 / SGSC1412 / ATCC 700720),http://www.ncbi.nlm.nih.gov/pubmed/1779764/,http://bacmet.biomedicine.gu.se/advanced_get_fasta.pl?accession=P0A2L3
copZ, Copper (Cu),Enterococcus hirae,http://www.ncbi.nlm.nih.gov/pubmed/10069368/,http://bacmet.biomedicine.gu.se/advanced_get_fasta.pl?accession=Q47840
corB," Cobalt (Co), Magnesium (Mg)",Salmonella typhimurium (strain LT2 / SGSC1412 / ATCC 700720),http://www.ncbi.nlm.nih.gov/pubmed/1779764/,http://bacmet.biomedicine.gu.se/advanced_get_fasta.pl?accession=Q9X621
corR/coaR," Cobalt (Co), Magnesium (Mg)",Synechocystis sp. PCC 6803 substr. GT-I,http://www.ncbi.nlm.nih.gov/pubmed/10464323/,http://bacmet.biomedicine.gu.se/advanced_get_fasta.pl?accession=H0P0Y2
corR, Copper (Cu),Myxococcus xanthus (strain DK 1622),http://www.ncbi.nlm.nih.gov/pubmed/23874560/,http://bacmet.biomedicine.gu.se/advanced_get_fasta.pl?accession=Q1D6V8
corD," Cobalt (Co), Magnesium (Mg)",Salmonella typhimurium (strain LT2 / SGSC1412 / ATCC 700720),http://www.ncbi.nlm.nih.gov/pubmed/1779764/,http://bacmet.biomedicine.gu.se/advanced_get_fasta.pl?accession=Q56017
corS, Copper (Cu),Myxococcus xanthus (strain DK 1622),http://www.ncbi.nlm.nih.gov/pubmed/23874560/,http://bacmet.biomedicine.gu.se/advanced_get_fasta.pl?accession=Q1D6V7
corT/coaT, Cobalt (Co),Synechocystis sp. PCC 6803 substr. GT-I,http://www.ncbi.nlm.nih.gov/pubmed/10464323/,http://bacmet.biomedicine.gu.se/advanced_get_fasta.pl?accession=H0P0Y3
crdA, Copper (Cu),Helicobacter pylori (strain ATCC 700392 / 26695) (Campylobacter pylori),http://www.ncbi.nlm.nih.gov/pubmed/12426358/,http://bacmet.biomedicine.gu.se/advanced_get_fasta.pl?accession=O25884
crdB, Copper (Cu),Helicobacter pylori (strain ATCC 700392 / 26695) (Campylobacter pylori),http://www.ncbi.nlm.nih.gov/pubmed/12426358/,http://bacmet.biomedicine.gu.se/advanced_get_fasta.pl?accession=O25885
crdS, Copper (Cu),Helicobacter pylori (strain ATCC 700392 / 26695) (Campylobacter pylori),http://www.ncbi.nlm.nih.gov/pubmed/15968080/,http://bacmet.biomedicine.gu.se/advanced_get_fasta.pl?accession=O25917
crdR, Copper (Cu),Helicobacter pylori (strain ATCC 700392 / 26695) (Campylobacter pylori),http://www.ncbi.nlm.nih.gov/pubmed/15968080/,http://bacmet.biomedicine.gu.se/advanced_get_fasta.pl?accession=O25918
csoR, Copper (Cu),Bacillus subtilis 168,http://www.ncbi.nlm.nih.gov/pubmed/19168619/,http://bacmet.biomedicine.gu.se/advanced_get_fasta.pl?accession=O32222
ctpC," Manganese (Mn), Zinc (Zn)",Mycobacterium tuberculosis,http://www.ncbi.nlm.nih.gov/pubmed/23482562/,http://bacmet.biomedicine.gu.se/advanced_get_fasta.pl?accession=P0A502
ctpD," Cobalt (Co), Nickel (Ni)",Mycobacterium smegmatis,http://www.ncbi.nlm.nih.gov/pubmed/22591178/,http://bacmet.biomedicine.gu.se/advanced_get_fasta.pl?accession=A0R3A7
cueO, Copper (Cu),Escherichia coli (strain K12),http://www.ncbi.nlm.nih.gov/pubmed/11222619/,http://bacmet.biomedicine.gu.se/advanced_get_fasta.pl?accession=P36649
ctpV, Copper (Cu),Mycobacterium tuberculosis,http://www.ncbi.nlm.nih.gov/pubmed/20624225/,http://bacmet.biomedicine.gu.se/advanced_get_fasta.pl?accession=P77894
ctpG, Copper (Cu),Mycobacterium tuberculosis,http://www.ncbi.nlm.nih.gov/pubmed/17143269/,http://bacmet.biomedicine.gu.se/advanced_get_fasta.pl?accession=P63689
cueP, Copper (Cu),Salmonella enterica serovar Typhimurium,http://www.ncbi.nlm.nih.gov/pubmed/19538445/,http://bacmet.biomedicine.gu.se/advanced_get_fasta.pl?accession=Q8ZL99
cueA," Copper (Cu), Silver (Ag)",Pseudomonas putida (Arthrobacter siderocapsulatus),http://www.ncbi.nlm.nih.gov/pubmed/12213931/,http://bacmet.biomedicine.gu.se/advanced_get_fasta.pl?accession=Q8KWW2
cueR/ybbI, Copper (Cu),Escherichia coli (strain K12),http://www.ncbi.nlm.nih.gov/pubmed/11136469/,http://bacmet.biomedicine.gu.se/advanced_get_fasta.pl?accession=P0A9G4
cusA/ybdE," Copper (Cu), Silver (Ag)",Escherichia coli (strain K12),http://www.ncbi.nlm.nih.gov/pubmed/12813074/,http://bacmet.biomedicine.gu.se/advanced_get_fasta.pl?accession=P38054
cusB," Copper (Cu), Silver (Ag)",Ralstonia metallidurans (strain CH34 / ATCC 43123 / DSM 2839),http://www.ncbi.nlm.nih.gov/pubmed/12813074/,http://bacmet.biomedicine.gu.se/advanced_get_fasta.pl?accession=P77239
cusF/cusX," Copper (Cu), Silver (Ag)",Escherichia coli (strain K12),http://www.ncbi.nlm.nih.gov/pubmed/12813074/,http://bacmet.biomedicine.gu.se/advanced_get_fasta.pl?accession=P77214
cusC/ylcB," Copper (Cu), Silver (Ag)",Escherichia coli (strain K12),http://www.ncbi.nlm.nih.gov/pubmed/12813074/,http://bacmet.biomedicine.gu.se/advanced_get_fasta.pl?accession=P77211
cutA, Copper (Cu),Escherichia coli (strain K12),http://www.ncbi.nlm.nih.gov/pubmed/7623666/,http://bacmet.biomedicine.gu.se/advanced_get_fasta.pl?accession=P69488
cutC, Copper (Cu),Escherichia coli (strain K12),http://www.ncbi.nlm.nih.gov/pubmed/7635807/,http://bacmet.biomedicine.gu.se/advanced_get_fasta.pl?accession=P67826
cusR/ylcA," Copper (Cu), Silver (Ag)",Escherichia coli (strain K12),http://www.ncbi.nlm.nih.gov/pubmed/11004187/,http://bacmet.biomedicine.gu.se/advanced_get_fasta.pl?accession=P0ACZ8
cutE/lnt, Copper (Cu),Escherichia coli (strain K12),http://www.ncbi.nlm.nih.gov/pubmed/1938881/,http://bacmet.biomedicine.gu.se/advanced_get_fasta.pl?accession=P23930
cusS," Copper (Cu), Silver (Ag)",Escherichia coli (strain K12),http://www.ncbi.nlm.nih.gov/pubmed/11004187/,http://bacmet.biomedicine.gu.se/advanced_get_fasta.pl?accession=P77485
cutF/nlpE, Copper (Cu),Escherichia coli (strain K12),http://www.ncbi.nlm.nih.gov/pubmed/7635807/,http://bacmet.biomedicine.gu.se/advanced_get_fasta.pl?accession=P40710
cutR, Copper (Cu),Rhodobacter capsulatus (strain ATCC BAA-309 / NBRC 16581 / SB1003),http://www.ncbi.nlm.nih.gov/pubmed/16487321/,http://bacmet.biomedicine.gu.se/advanced_get_fasta.pl?accession=D5AV59
czcD," Cadmium (Cd), Zinc (Zn), Cobalt (Co)",Ralstonia metallidurans (strain CH34/ATCC 43123/DSM 2839),http://www.ncbi.nlm.nih.gov/pubmed/2678100/,http://bacmet.biomedicine.gu.se/advanced_get_fasta.pl?accession=P13512
cutO, Copper (Cu),Rhodobacter capsulatus,http://www.ncbi.nlm.nih.gov/pubmed/16487321/,http://bacmet.biomedicine.gu.se/advanced_get_fasta.pl?accession=D5AV58
czcB," Cadmium (Cd), Zinc (Zn), Cobalt (Co)",Ralstonia metallidurans (strain CH34/ATCC 43123/DSM 2839),http://www.ncbi.nlm.nih.gov/pubmed/2678100/,http://bacmet.biomedicine.gu.se/advanced_get_fasta.pl?accession=P13510
czcC," Cadmium (Cd), Zinc (Zn), Cobalt (Co)",Ralstonia metallidurans (strain CH34/ATCC 43123/DSM 2839),http://www.ncbi.nlm.nih.gov/pubmed/2678100/,http://bacmet.biomedicine.gu.se/advanced_get_fasta.pl?accession=P13509
czcE," Cadmium (Cd), Zinc (Zn), Cobalt (Co)",Ralstonia metallidurans (strain CH34/ATCC 43123/DSM 2839),http://www.ncbi.nlm.nih.gov/pubmed/18029263/,http://bacmet.biomedicine.gu.se/advanced_get_fasta.pl?accession=Q1LAJ1
czcA," Cadmium (Cd), Zinc (Zn), Cobalt (Co)",Ralstonia metallidurans (strain CH34/ATCC 43123/DSM 2839),http://www.ncbi.nlm.nih.gov/pubmed/2678100/,http://bacmet.biomedicine.gu.se/advanced_get_fasta.pl?accession=P13511
czcP," Cadmium (Cd), Zinc (Zn), Cobalt (Co)",Cupriavidus metallidurans CH34,http://www.ncbi.nlm.nih.gov/pubmed/19602147/,http://bacmet.biomedicine.gu.se/advanced_get_fasta.pl?accession=Q1LAJ7
czcR," Cadmium (Cd), Zinc (Zn), Cobalt (Co)",Ralstonia metallidurans (strain CH34/ATCC 43123/DSM 2839),http://www.ncbi.nlm.nih.gov/pubmed/1459958/,http://bacmet.biomedicine.gu.se/advanced_get_fasta.pl?accession=Q44006
czcS," Cadmium (Cd), Zinc (Zn), Cobalt (Co)",Ralstonia metallidurans (strain CH34/ATCC 43123/DSM 2839),http://www.ncbi.nlm.nih.gov/pubmed/9044283/,http://bacmet.biomedicine.gu.se/advanced_get_fasta.pl?accession=Q44007
cznC," Cadmium (Cd), Zinc (Zn), Nickel (Ni)",Helicobacter mustelae (strain ATCC 43772/LMG 18044/NCTC 12198/12198) (Campylobacter mustelae),http://www.ncbi.nlm.nih.gov/pubmed/16790756/,http://bacmet.biomedicine.gu.se/advanced_get_fasta.pl?accession=D3UHP8
czrA," Zinc (Zn), Cadmium (Cd)",Pseudomonas aeruginosa,http://www.ncbi.nlm.nih.gov/pubmed/23578014/,http://bacmet.biomedicine.gu.se/advanced_get_fasta.pl?accession=Q9RLI8
cznA," Cadmium (Cd), Zinc (Zn), Nickel (Ni)",Helicobacter mustelae (strain ATCC 43772/LMG 18044/NCTC 12198/12198)(Campylobacter mustelae),http://www.ncbi.nlm.nih.gov/pubmed/16790756/,http://bacmet.biomedicine.gu.se/advanced_get_fasta.pl?accession=D3UHQ0
dmeF," Cobalt (Co), Cadmium (Cd), Nickel (Ni)",Wautersia metallidurans CH34,http://www.ncbi.nlm.nih.gov/pubmed/19602147/,http://bacmet.biomedicine.gu.se/advanced_get_fasta.pl?accession=Q1LRZ2
czrB," Zinc (Zn), Cadmium (Cd)",Pseudomonas aeruginosa,http://www.ncbi.nlm.nih.gov/pubmed/10570969/,http://bacmet.biomedicine.gu.se/advanced_get_fasta.pl?accession=Q9RLI9
cznB," Cadmium (Cd), Zinc (Zn), Nickel (Ni)",Helicobacter mustelae (strain ATCC 43772/LMG 18044/NCTC 12198/12198)(Campylobacter mustelae),http://www.ncbi.nlm.nih.gov/pubmed/16790756/,http://bacmet.biomedicine.gu.se/advanced_get_fasta.pl?accession=D3UHP9
dmeF," Cobalt (Co), Cadmium (Cd), Nickel (Ni)",Wautersia metallidurans CH34,http://www.ncbi.nlm.nih.gov/pubmed/19602147/,http://bacmet.biomedicine.gu.se/advanced_get_fasta.pl?accession=Q1LRZ2
dnaK, Copper (Cu),Mycobacterium tuberculosis,http://www.ncbi.nlm.nih.gov/pubmed/17215254/,http://bacmet.biomedicine.gu.se/advanced_get_fasta.pl?accession=P0A5B9
dsbA," Cadmium (Cd), Zinc (Zn), Mercury (Hg)",Escherichia coli (strain K12),http://www.ncbi.nlm.nih.gov/pubmed/9098080/,http://bacmet.biomedicine.gu.se/advanced_get_fasta.pl?accession=P0AEG4
fbpA," Iron (Fe), Gallium (Ga)",Haemophilus influenzae (strain ATCC 51907 / DSM 11121 / KW20 / Rd),http://www.ncbi.nlm.nih.gov/pubmed/15342592/,http://bacmet.biomedicine.gu.se/advanced_get_fasta.pl?accession=P35755
dmeR," Cobalt (Co), Nickel (Ni)",Rhizobium leguminosarum bv. viciae UPM791,http://www.ncbi.nlm.nih.gov/pubmed/23934501/,http://bacmet.biomedicine.gu.se/advanced_get_fasta.pl?accession=Q1MJL3
fbpB," Iron (Fe), Gallium (Ga)",Haemophilus influenzae (strain ATCC 51907 / DSM 11121 / KW20 / Rd),http://www.ncbi.nlm.nih.gov/pubmed/15342592/,http://bacmet.biomedicine.gu.se/advanced_get_fasta.pl?accession=P71338
dsbC, Copper (Cu),Escherichia coli (strain K12),http://www.ncbi.nlm.nih.gov/pubmed/16087673/,http://bacmet.biomedicine.gu.se/advanced_get_fasta.pl?accession=P0AEG6
dsbB," Cadmium (Cd), Mercury (Hg)",Escherichia coli (strain K12),http://www.ncbi.nlm.nih.gov/pubmed/10234837/,http://bacmet.biomedicine.gu.se/advanced_get_fasta.pl?accession=P0A6M2
fbpC," Iron (Fe), Gallium (Ga)",Haemophilus influenzae (strain ATCC 51907 / DSM 11121 / KW20 / Rd),http://www.ncbi.nlm.nih.gov/pubmed/15342592/,http://bacmet.biomedicine.gu.se/advanced_get_fasta.pl?accession=P44513
fecD," Nickel (Ni), Cobalt (Co)",Escherichia coli (strain K12),http://www.ncbi.nlm.nih.gov/pubmed/20643857/,http://bacmet.biomedicine.gu.se/advanced_get_fasta.pl?accession=P15029
golS, Gold (Au),Salmonella typhimurium (strain LT2 / SGSC1412 / ATCC 700720),http://www.ncbi.nlm.nih.gov/pubmed/17244194/,http://bacmet.biomedicine.gu.se/advanced_get_fasta.pl?accession=Q8ZRG6
fecE," Nickel (Ni), Cobalt (Co)",Escherichia coli (strain K12),http://www.ncbi.nlm.nih.gov/pubmed/20643857/,http://bacmet.biomedicine.gu.se/advanced_get_fasta.pl?accession=P15031
fptA," Iron (Fe), Cobalt (Co), Nickel (Ni), Gallium (Ga)",Pseudomonas aeruginosa (strain ATCC 15692 / PAO1 / 1C / PRS 101 / LMG 12228),http://www.ncbi.nlm.nih.gov/pubmed/19329644/,http://bacmet.biomedicine.gu.se/advanced_get_fasta.pl?accession=P42512
G2alt, Aluminium (Al),Anoxybacillus gonensis G2,http://www.ncbi.nlm.nih.gov/pubmed/21887649/,http://bacmet.biomedicine.gu.se/advanced_get_fasta.pl?accession=B0FSM1
fpvA," Manganese (Mn), Iron (Fe), Cobalt (Co), Zinc (Zn), Nickel (Ni), Copper (Cu), Cadmium (Cd), Gallium (Ga)",Pseudomonas aeruginosa (strain ATCC 15692 / PAO1 / 1C / PRS 101 / LMG 12228),http://www.ncbi.nlm.nih.gov/pubmed/22187978/,http://bacmet.biomedicine.gu.se/advanced_get_fasta.pl?accession=P48632
furA, Iron (Fe),Mycobacterium tuberculosis,http://www.ncbi.nlm.nih.gov/pubmed/9864233/,http://bacmet.biomedicine.gu.se/advanced_get_fasta.pl?accession=P0A582
fieF/yiip," Iron (Fe), Zinc (Zn), Cobalt (Co), Cadmium (Cd), Nickel (Ni)",Escherichia coli (strain K12),http://www.ncbi.nlm.nih.gov/pubmed/15549269/,http://bacmet.biomedicine.gu.se/advanced_get_fasta.pl?accession=P69380
hoxN, Nickel (Ni),Cupriavidus necator (strain ATCC 17699 / H16 / DSM 428 / Stanier 337) (Ralstonia eutropha),http://www.ncbi.nlm.nih.gov/pubmed/1847142/,http://bacmet.biomedicine.gu.se/advanced_get_fasta.pl?accession=P23516
hpcopP, Copper (Cu),Helicobacter pylori (Campylobacter pylori),http://www.ncbi.nlm.nih.gov/pubmed/7752900/,http://bacmet.biomedicine.gu.se/advanced_get_fasta.pl?accession=Q48271
hupE2, Nickel (Ni),Rhizobium leguminosarum bv. viciae UPM791,http://www.ncbi.nlm.nih.gov/pubmed/20023036/,http://bacmet.biomedicine.gu.se/advanced_get_fasta.pl?accession=D2WPE1
hpcopA, Copper (Cu),Helicobacter pylori (Campylobacter pylori),http://www.ncbi.nlm.nih.gov/pubmed/7752900/,http://bacmet.biomedicine.gu.se/advanced_get_fasta.pl?accession=P77871
golT," Copper (Cu), Gold (Au)",Salmonella typhimurium (strain LT2 / SGSC1412 / ATCC 700720),http://www.ncbi.nlm.nih.gov/pubmed/17768242/,http://bacmet.biomedicine.gu.se/advanced_get_fasta.pl?accession=Q8ZRG7
irlR," Cadmium (Cd), Zinc (Zn)",Burkholderia pseudomallei (strain K96243),http://www.ncbi.nlm.nih.gov/pubmed/9393784/,http://bacmet.biomedicine.gu.se/advanced_get_fasta.pl?accession=O31395
hupN, Nickel (Ni),Azotobacter chroococcum mcd 1,http://www.ncbi.nlm.nih.gov/pubmed/8197192/,http://bacmet.biomedicine.gu.se/advanced_get_fasta.pl?accession=Q43955
hupE, Nickel (Ni),Rhizobium leguminosarum bv. Viciae,http://www.ncbi.nlm.nih.gov/pubmed/20023036/,http://bacmet.biomedicine.gu.se/advanced_get_fasta.pl?accession=P27650
irlS," Cadmium (Cd), Zinc (Zn)",Burkholderia pseudomallei (strain K96243),http://www.ncbi.nlm.nih.gov/pubmed/9393784/,http://bacmet.biomedicine.gu.se/advanced_get_fasta.pl?accession=O31396
mco," Copper (Cu), Cobalt (Co)",Staphylococcus aureus,http://www.ncbi.nlm.nih.gov/pubmed/16151171/,http://bacmet.biomedicine.gu.se/advanced_get_fasta.pl?accession=Q69HT9
klaB/telA/kilB, Tellurium (Te),Escherichia coli,http://www.ncbi.nlm.nih.gov/pubmed/2045366/,http://bacmet.biomedicine.gu.se/advanced_get_fasta.pl?accession=Q52328
klaC/telB, Tellurium (Te),Escherichia coli,http://www.ncbi.nlm.nih.gov/pubmed/2045366/,http://bacmet.biomedicine.gu.se/advanced_get_fasta.pl?accession=Q52329
mctB, Copper (Cu),Mycobacterium tuberculosis,http://www.ncbi.nlm.nih.gov/pubmed/21205886/,http://bacmet.biomedicine.gu.se/advanced_get_fasta.pl?accession=P64883
kmtR," Nickel (Ni), Cobalt (Co)",Mycobacterium tuberculosis,http://www.ncbi.nlm.nih.gov/pubmed/17726022/,http://bacmet.biomedicine.gu.se/advanced_get_fasta.pl?accession=O53838
mdtA, Zinc (Zn),Salmonella enterica serovar Typhimurium,http://www.ncbi.nlm.nih.gov/pubmed/17933888/,http://bacmet.biomedicine.gu.se/advanced_get_fasta.pl?accession=D0ZND8
mdtB, Zinc (Zn),Salmonella enterica serovar Typhimurium,http://www.ncbi.nlm.nih.gov/pubmed/17933888/,http://bacmet.biomedicine.gu.se/advanced_get_fasta.pl?accession=D0ZND9
mdtC, Zinc (Zn),Salmonella enterica serovar Typhimurium,http://www.ncbi.nlm.nih.gov/pubmed/17933888/,http://bacmet.biomedicine.gu.se/advanced_get_fasta.pl?accession=D0ZNE0
merA," Mercury (Hg), Phenylmercury Acetate [class: Organo-mercury]",Bacillus cereus R6007,http://www.ncbi.nlm.nih.gov/pubmed/10559175/,http://bacmet.biomedicine.gu.se/advanced_get_fasta.pl?accession=P16171
merA," Mercury (Hg), Phenylmercury Acetate [class: Organo-mercury]",Bacillus cereus R6007,http://www.ncbi.nlm.nih.gov/pubmed/10559175/,http://bacmet.biomedicine.gu.se/advanced_get_fasta.pl?accession=P16171
merA," Mercury (Hg), Phenylmercury Acetate [class: Organo-mercury]",Bacillus cereus R6007,http://www.ncbi.nlm.nih.gov/pubmed/10559175/,http://bacmet.biomedicine.gu.se/advanced_get_fasta.pl?accession=P16171
merC, Mercury (Hg),Pseudomonas stutzeri,http://www.ncbi.nlm.nih.gov/pubmed/8529897/,http://bacmet.biomedicine.gu.se/advanced_get_fasta.pl?accession=O66048
merA," Mercury (Hg), Phenylmercury Acetate [class: Organo-mercury]",Bacillus cereus R6007,http://www.ncbi.nlm.nih.gov/pubmed/10559175/,http://bacmet.biomedicine.gu.se/advanced_get_fasta.pl?accession=P16171
merA," Mercury (Hg), Phenylmercury Acetate [class: Organo-mercury]",Bacillus cereus R6007,http://www.ncbi.nlm.nih.gov/pubmed/10559175/,http://bacmet.biomedicine.gu.se/advanced_get_fasta.pl?accession=P16171
merB," Mercury (Hg), Phenylmercury Acetate [class: Organo-mercury], Methylmercury Acetate [class: Organo-mercury]",Pseudomonas sp. K-62,http://www.ncbi.nlm.nih.gov/pubmed/9168120/,http://bacmet.biomedicine.gu.se/advanced_get_fasta.pl?accession=O07303
merC, Mercury (Hg),Pseudomonas stutzeri,http://www.ncbi.nlm.nih.gov/pubmed/8529897/,http://bacmet.biomedicine.gu.se/advanced_get_fasta.pl?accession=O66048
merD, Mercury (Hg),Pseudomonas stutzeri,http://www.ncbi.nlm.nih.gov/pubmed/8529897/,http://bacmet.biomedicine.gu.se/advanced_get_fasta.pl?accession=O66022
merD, Mercury (Hg),Pseudomonas stutzeri,http://www.ncbi.nlm.nih.gov/pubmed/8529897/,http://bacmet.biomedicine.gu.se/advanced_get_fasta.pl?accession=O66022
merD, Mercury (Hg),Pseudomonas stutzeri,http://www.ncbi.nlm.nih.gov/pubmed/8529897/,http://bacmet.biomedicine.gu.se/advanced_get_fasta.pl?accession=O66022
merD, Mercury (Hg),Pseudomonas stutzeri,http://www.ncbi.nlm.nih.gov/pubmed/8529897/,http://bacmet.biomedicine.gu.se/advanced_get_fasta.pl?accession=O66022
merD, Mercury (Hg),Pseudomonas stutzeri,http://www.ncbi.nlm.nih.gov/pubmed/8529897/,http://bacmet.biomedicine.gu.se/advanced_get_fasta.pl?accession=O66022
merE, Mercury (Hg),Serratia marcescens,http://www.ncbi.nlm.nih.gov/pubmed/3033633/,http://bacmet.biomedicine.gu.se/advanced_get_fasta.pl?accession=Q52104
merD, Mercury (Hg),Pseudomonas stutzeri,http://www.ncbi.nlm.nih.gov/pubmed/8529897/,http://bacmet.biomedicine.gu.se/advanced_get_fasta.pl?accession=O66022
merE, Mercury (Hg),Serratia marcescens,http://www.ncbi.nlm.nih.gov/pubmed/3033633/,http://bacmet.biomedicine.gu.se/advanced_get_fasta.pl?accession=Q52104
merE, Mercury (Hg),Serratia marcescens,http://www.ncbi.nlm.nih.gov/pubmed/3033633/,http://bacmet.biomedicine.gu.se/advanced_get_fasta.pl?accession=Q52104
merE, Mercury (Hg),Serratia marcescens,http://www.ncbi.nlm.nih.gov/pubmed/3033633/,http://bacmet.biomedicine.gu.se/advanced_get_fasta.pl?accession=Q52104
merP, Mercury (Hg),Thiobacillus ferrooxidans,http://www.ncbi.nlm.nih.gov/pubmed/11642118/,http://bacmet.biomedicine.gu.se/advanced_get_fasta.pl?accession=Q934S6
merH, Mercury (Hg),Mycobacterium marinum (strain ATCC BAA-535 / M),http://www.ncbi.nlm.nih.gov/pubmed/18931130/,http://bacmet.biomedicine.gu.se/advanced_get_fasta.pl?accession=B2I419
merP, Mercury (Hg),Thiobacillus ferrooxidans,http://www.ncbi.nlm.nih.gov/pubmed/11642118/,http://bacmet.biomedicine.gu.se/advanced_get_fasta.pl?accession=Q934S6
merP, Mercury (Hg),Thiobacillus ferrooxidans,http://www.ncbi.nlm.nih.gov/pubmed/11642118/,http://bacmet.biomedicine.gu.se/advanced_get_fasta.pl?accession=Q934S6
merP, Mercury (Hg),Thiobacillus ferrooxidans,http://www.ncbi.nlm.nih.gov/pubmed/11642118/,http://bacmet.biomedicine.gu.se/advanced_get_fasta.pl?accession=Q934S6
merP, Mercury (Hg),Thiobacillus ferrooxidans,http://www.ncbi.nlm.nih.gov/pubmed/11642118/,http://bacmet.biomedicine.gu.se/advanced_get_fasta.pl?accession=Q934S6
merP, Mercury (Hg),Thiobacillus ferrooxidans,http://www.ncbi.nlm.nih.gov/pubmed/11642118/,http://bacmet.biomedicine.gu.se/advanced_get_fasta.pl?accession=Q934S6
merP, Mercury (Hg),Thiobacillus ferrooxidans,http://www.ncbi.nlm.nih.gov/pubmed/11642118/,http://bacmet.biomedicine.gu.se/advanced_get_fasta.pl?accession=Q934S6
merR, Mercury (Hg),Staphylococcus aureus,http://www.ncbi.nlm.nih.gov/pubmed/3037534/,http://bacmet.biomedicine.gu.se/advanced_get_fasta.pl?accession=P22874
merR, Mercury (Hg),Staphylococcus aureus,http://www.ncbi.nlm.nih.gov/pubmed/3037534/,http://bacmet.biomedicine.gu.se/advanced_get_fasta.pl?accession=P22874
merR, Mercury (Hg),Staphylococcus aureus,http://www.ncbi.nlm.nih.gov/pubmed/3037534/,http://bacmet.biomedicine.gu.se/advanced_get_fasta.pl?accession=P22874
merR, Mercury (Hg),Staphylococcus aureus,http://www.ncbi.nlm.nih.gov/pubmed/3037534/,http://bacmet.biomedicine.gu.se/advanced_get_fasta.pl?accession=P22874
merR1, Mercury (Hg),Bacillus sp. (strain RC607),http://www.ncbi.nlm.nih.gov/pubmed/2492496/,http://bacmet.biomedicine.gu.se/advanced_get_fasta.pl?accession=P22853
merR1, Mercury (Hg),Bacillus sp. (strain RC607),http://www.ncbi.nlm.nih.gov/pubmed/2492496/,http://bacmet.biomedicine.gu.se/advanced_get_fasta.pl?accession=P22853
merR, Mercury (Hg),Staphylococcus aureus,http://www.ncbi.nlm.nih.gov/pubmed/3037534/,http://bacmet.biomedicine.gu.se/advanced_get_fasta.pl?accession=P22874
merR2," Mercury (Hg), Phenylmercury Acetate [class: Organo-mercury]",Bacillus sp. (strain RC607),http://www.ncbi.nlm.nih.gov/pubmed/10559175/,http://bacmet.biomedicine.gu.se/advanced_get_fasta.pl?accession=Q9WWL1
merR, Mercury (Hg),Staphylococcus aureus,http://www.ncbi.nlm.nih.gov/pubmed/3037534/,http://bacmet.biomedicine.gu.se/advanced_get_fasta.pl?accession=P22874
merT, Mercury (Hg),Thiobacillus ferrooxidans,http://www.ncbi.nlm.nih.gov/pubmed/11642118/,http://bacmet.biomedicine.gu.se/advanced_get_fasta.pl?accession=Q934S7
merF, Mercury (Hg),Pseudomonas sp. CT14Â ,http://www.ncbi.nlm.nih.gov/pubmed/10781809/,http://bacmet.biomedicine.gu.se/advanced_get_fasta.pl?accession=Q2QCN0
merT, Mercury (Hg),Thiobacillus ferrooxidans,http://www.ncbi.nlm.nih.gov/pubmed/11642118/,http://bacmet.biomedicine.gu.se/advanced_get_fasta.pl?accession=Q934S7
merT, Mercury (Hg),Thiobacillus ferrooxidans,http://www.ncbi.nlm.nih.gov/pubmed/11642118/,http://bacmet.biomedicine.gu.se/advanced_get_fasta.pl?accession=Q934S7
merT, Mercury (Hg),Thiobacillus ferrooxidans,http://www.ncbi.nlm.nih.gov/pubmed/11642118/,http://bacmet.biomedicine.gu.se/advanced_get_fasta.pl?accession=Q934S7
merT, Mercury (Hg),Thiobacillus ferrooxidans,http://www.ncbi.nlm.nih.gov/pubmed/11642118/,http://bacmet.biomedicine.gu.se/advanced_get_fasta.pl?accession=Q934S7
merT, Mercury (Hg),Thiobacillus ferrooxidans,http://www.ncbi.nlm.nih.gov/pubmed/11642118/,http://bacmet.biomedicine.gu.se/advanced_get_fasta.pl?accession=Q934S7
merT, Mercury (Hg),Thiobacillus ferrooxidans,http://www.ncbi.nlm.nih.gov/pubmed/11642118/,http://bacmet.biomedicine.gu.se/advanced_get_fasta.pl?accession=Q934S7
merT, Mercury (Hg),Thiobacillus ferrooxidans,http://www.ncbi.nlm.nih.gov/pubmed/11642118/,http://bacmet.biomedicine.gu.se/advanced_get_fasta.pl?accession=Q934S7
merT-P, Mercury (Hg),Tenacibaculum discolor 9A5,http://www.ncbi.nlm.nih.gov/pubmed/22816663/,http://bacmet.biomedicine.gu.se/advanced_get_fasta.pl?accession=H6WCN3
mgtA," Cobalt (Co), Magnesium (Mg)",Salmonella typhimurium (strain LT2 / SGSC1412 / ATCC 700720),http://www.ncbi.nlm.nih.gov/pubmed/7751273/,http://bacmet.biomedicine.gu.se/advanced_get_fasta.pl?accession=P36640
mgtA," Cobalt (Co), Magnesium (Mg)",Salmonella typhimurium (strain LT2 / SGSC1412 / ATCC 700720),http://www.ncbi.nlm.nih.gov/pubmed/7751273/,http://bacmet.biomedicine.gu.se/advanced_get_fasta.pl?accession=P36640
mntA/ytgA," Manganese (Mn), Cadmium (Cd)",Bacillus subtilis (strain 168),http://www.ncbi.nlm.nih.gov/pubmed/10543781/,http://bacmet.biomedicine.gu.se/advanced_get_fasta.pl?accession=O34385
mntR," Manganese (Mn), Magnesium (Mg)",Escherichia coli,http://www.ncbi.nlm.nih.gov/pubmed/21908668/,http://bacmet.biomedicine.gu.se/advanced_get_fasta.pl?accession=P0A9F1
mmco, Copper (Cu),Mycobacterium tuberculosis,http://www.ncbi.nlm.nih.gov/pubmed/23772064/,http://bacmet.biomedicine.gu.se/advanced_get_fasta.pl?accession=O53858
mntH/yfeP," Manganese (Mn), Iron (Fe), Cadmium (Cd), Cobalt (Co), Zinc (Zn)",Escherichia coli (strain K12),http://www.ncbi.nlm.nih.gov/pubmed/10712688/,http://bacmet.biomedicine.gu.se/advanced_get_fasta.pl?accession=P0A769
modA," Tungsten (W), Molybdenum (Mo)",Desulfovibrio vulgaris Hildenborough (strain GZ6027),http://www.ncbi.nlm.nih.gov/pubmed/23913324/,http://bacmet.biomedicine.gu.se/advanced_get_fasta.pl?accession=Q72FN6
modA," Tungsten (W), Molybdenum (Mo)",Desulfovibrio vulgaris Hildenborough (strain GZ6027),http://www.ncbi.nlm.nih.gov/pubmed/23913324/,http://bacmet.biomedicine.gu.se/advanced_get_fasta.pl?accession=Q72FN6
mrdH," Nickel (Ni), Cadmium (Cd), Zinc (Zn), Cobalt (Co)",Pseudomonas putida (strain KT2440),http://www.ncbi.nlm.nih.gov/pubmed/19648243/,http://bacmet.biomedicine.gu.se/advanced_get_fasta.pl?accession=Q88IN1
modE," Tungsten (W), Molybdenum (Mo)",Escherichia coli (strain K12),http://www.ncbi.nlm.nih.gov/pubmed/7860583/,http://bacmet.biomedicine.gu.se/advanced_get_fasta.pl?accession=P0A9G8
modC," Tungsten (W), Molybdenum (Mo)",Desulfovibrio vulgaris Hildenborough (strain GZ6027),http://www.ncbi.nlm.nih.gov/pubmed/23913324/,http://bacmet.biomedicine.gu.se/advanced_get_fasta.pl?accession=Q72FN3
modB," Tungsten (W), Molybdenum (Mo)",Desulfovibrio vulgaris Hildenborough (strain GZ6027),http://www.ncbi.nlm.nih.gov/pubmed/23913324/,http://bacmet.biomedicine.gu.se/advanced_get_fasta.pl?accession=Q72FN2
modB," Tungsten (W), Molybdenum (Mo)",Desulfovibrio vulgaris Hildenborough (strain GZ6027),http://www.ncbi.nlm.nih.gov/pubmed/23913324/,http://bacmet.biomedicine.gu.se/advanced_get_fasta.pl?accession=Q72FN2
mymT," Copper (Cu), Nickel (Ni), Zinc (Zn)",Mycobacterium tuberculosis,http://www.ncbi.nlm.nih.gov/pubmed/18724363/,http://bacmet.biomedicine.gu.se/advanced_get_fasta.pl?accession=P0CI28
modC," Tungsten (W), Molybdenum (Mo)",Desulfovibrio vulgaris Hildenborough (strain GZ6027),http://www.ncbi.nlm.nih.gov/pubmed/23913324/,http://bacmet.biomedicine.gu.se/advanced_get_fasta.pl?accession=Q72FN3
mreA," Nickel (Ni), Zinc (Zn)",Pseudomonas putida (strain KT2440),http://www.ncbi.nlm.nih.gov/pubmed/19648243/,http://bacmet.biomedicine.gu.se/advanced_get_fasta.pl?accession=Q88IN0
nccH," Nickel (Ni), Cobalt (Co), Cadmium (Cd)",Alcaligenes xylosoxidans 31A,http://www.ncbi.nlm.nih.gov/pubmed/7961470/,http://bacmet.biomedicine.gu.se/advanced_get_fasta.pl?accession=Q44583
nccA," Nickel (Ni), Cobalt (Co), Cadmium (Cd)",Alcaligenes xylosoxidans 31A,http://www.ncbi.nlm.nih.gov/pubmed/7961470/,http://bacmet.biomedicine.gu.se/advanced_get_fasta.pl?accession=Q44586
nccB," Nickel (Ni), Cobalt (Co), Cadmium (Cd)",Alcaligenes xylosoxidans 31A,http://www.ncbi.nlm.nih.gov/pubmed/7961470/,http://bacmet.biomedicine.gu.se/advanced_get_fasta.pl?accession=Q44585
nccY," Nickel (Ni), Cobalt (Co), Cadmium (Cd)",Alcaligenes xylosoxidans 31A,http://www.ncbi.nlm.nih.gov/pubmed/7961470/,http://bacmet.biomedicine.gu.se/advanced_get_fasta.pl?accession=Q44581
ncrA, Nickel (Ni),Leptospirillum ferriphilum,http://www.ncbi.nlm.nih.gov/pubmed/17293508/,http://bacmet.biomedicine.gu.se/advanced_get_fasta.pl?accession=Q06VT3
nccC," Nickel (Ni), Cobalt (Co), Cadmium (Cd)",Alcaligenes xylosoxidans 31A,http://www.ncbi.nlm.nih.gov/pubmed/7961470/,http://bacmet.biomedicine.gu.se/advanced_get_fasta.pl?accession=Q44584
nccX," Nickel (Ni), Cobalt (Co), Cadmium (Cd)",Alcaligenes xylosoxidans 31A,http://www.ncbi.nlm.nih.gov/pubmed/7961470/,http://bacmet.biomedicine.gu.se/advanced_get_fasta.pl?accession=Q44582
nccN," Nickel (Ni), Cobalt (Co), Cadmium (Cd)",Alcaligenes xylosoxidans 31A,http://www.ncbi.nlm.nih.gov/pubmed/7961470/,http://bacmet.biomedicine.gu.se/advanced_get_fasta.pl?accession=Q44587
ncrA, Nickel (Ni),Leptospirillum ferriphilum,http://www.ncbi.nlm.nih.gov/pubmed/17293508/,http://bacmet.biomedicine.gu.se/advanced_get_fasta.pl?accession=Q06VT3
ncrB, Nickel (Ni),Leptospirillum ferriphilum,http://www.ncbi.nlm.nih.gov/pubmed/17293508/,http://bacmet.biomedicine.gu.se/advanced_get_fasta.pl?accession=Q06VT2
ncrC, Nickel (Ni),Leptospirillum ferriphilum,http://www.ncbi.nlm.nih.gov/pubmed/17293508/,http://bacmet.biomedicine.gu.se/advanced_get_fasta.pl?accession=D5CKG5
ncrB, Nickel (Ni),Leptospirillum ferriphilum,http://www.ncbi.nlm.nih.gov/pubmed/17293508/,http://bacmet.biomedicine.gu.se/advanced_get_fasta.pl?accession=Q06VT2
ncrA, Nickel (Ni),Leptospirillum ferriphilum,http://www.ncbi.nlm.nih.gov/pubmed/17293508/,http://bacmet.biomedicine.gu.se/advanced_get_fasta.pl?accession=Q06VT3
ncrC, Nickel (Ni),Leptospirillum ferriphilum,http://www.ncbi.nlm.nih.gov/pubmed/17293508/,http://bacmet.biomedicine.gu.se/advanced_get_fasta.pl?accession=D5CKG5
ncrC, Nickel (Ni),Leptospirillum ferriphilum,http://www.ncbi.nlm.nih.gov/pubmed/17293508/,http://bacmet.biomedicine.gu.se/advanced_get_fasta.pl?accession=D5CKG5
ncrB, Nickel (Ni),Leptospirillum ferriphilum,http://www.ncbi.nlm.nih.gov/pubmed/17293508/,http://bacmet.biomedicine.gu.se/advanced_get_fasta.pl?accession=Q06VT2
nfsA, Chromium (Cr),Escherichia coli K12,http://www.ncbi.nlm.nih.gov/pubmed/15250887/,http://bacmet.biomedicine.gu.se/advanced_get_fasta.pl?accession=P17117
ncrY, Nickel (Ni),Leptospirillum ferriphilum,http://www.ncbi.nlm.nih.gov/pubmed/17293508/,http://bacmet.biomedicine.gu.se/advanced_get_fasta.pl?accession=Q06VT0
nikB, Nickel (Ni),Escherichia coli (strain K12),http://www.ncbi.nlm.nih.gov/pubmed/1743519/,http://bacmet.biomedicine.gu.se/advanced_get_fasta.pl?accession=P33591
ncrY, Nickel (Ni),Leptospirillum ferriphilum,http://www.ncbi.nlm.nih.gov/pubmed/17293508/,http://bacmet.biomedicine.gu.se/advanced_get_fasta.pl?accession=Q06VT0
nczA," Nickel (Ni), Cobalt (Co), Zinc (Zn)",Caulobacter crescentus (strain NA1000 / CB15N),http://www.ncbi.nlm.nih.gov/pubmed/23578014/,http://bacmet.biomedicine.gu.se/advanced_get_fasta.pl?accession=B8GZE9
nikA, Nickel (Ni),Escherichia coli (strain K12),http://www.ncbi.nlm.nih.gov/pubmed/1743519/,http://bacmet.biomedicine.gu.se/advanced_get_fasta.pl?accession=P33590
nhlF, Cobalt (Co),Rhodococcus rhodochrous,http://www.ncbi.nlm.nih.gov/pubmed/8990157/,http://bacmet.biomedicine.gu.se/advanced_get_fasta.pl?accession=P96454
nia," Iron (Fe), Nickel (Ni)",Sinorhizobium melitoli,http://www.ncbi.nlm.nih.gov/pubmed/24056637/,http://bacmet.biomedicine.gu.se/advanced_get_fasta.pl?accession=Q92Z60
nikR, Nickel (Ni),Escherichia coli (strain K12),http://www.ncbi.nlm.nih.gov/pubmed/9882686/,http://bacmet.biomedicine.gu.se/advanced_get_fasta.pl?accession=P0A6Z6
nikC, Nickel (Ni),Escherichia coli (strain K12),http://www.ncbi.nlm.nih.gov/pubmed/7934931/,http://bacmet.biomedicine.gu.se/advanced_get_fasta.pl?accession=P0AFA9
nirA, Nickel (Ni),Klebsiella oxytoca,http://www.ncbi.nlm.nih.gov/pubmed/18600044/,http://bacmet.biomedicine.gu.se/advanced_get_fasta.pl?accession=Q6RUG3
nirB, Nickel (Ni),Klebsiella oxytoca,http://www.ncbi.nlm.nih.gov/pubmed/18600044/,http://bacmet.biomedicine.gu.se/advanced_get_fasta.pl?accession=Q6RUG2
nikE, Nickel (Ni),Escherichia coli (strain K12),http://www.ncbi.nlm.nih.gov/pubmed/7934931/,http://bacmet.biomedicine.gu.se/advanced_get_fasta.pl?accession=P33594
nikD, Nickel (Ni),Escherichia coli (strain K12),http://www.ncbi.nlm.nih.gov/pubmed/7934931/,http://bacmet.biomedicine.gu.se/advanced_get_fasta.pl?accession=P33593
nirD, Nickel (Ni),Klebsiella oxytoca,http://www.ncbi.nlm.nih.gov/pubmed/18600044/,http://bacmet.biomedicine.gu.se/advanced_get_fasta.pl?accession=Q6RUG0
nirC, Nickel (Ni),Klebsiella oxytoca,http://www.ncbi.nlm.nih.gov/pubmed/18600044/,http://bacmet.biomedicine.gu.se/advanced_get_fasta.pl?accession=Q6RUG1
nreB," Cobalt (Co), Nickel (Ni)","Acromobacter xylosoxidans 31A, Synechocystis spp.",http://www.ncbi.nlm.nih.gov/pubmed/11292799/,http://bacmet.biomedicine.gu.se/advanced_get_fasta.pl?accession=F0KND8
nixA, Nickel (Ni),Helicobacter pylori (strain ATCC 700392 / 26695) (Campylobacter pylori),http://www.ncbi.nlm.nih.gov/pubmed/7651142/,http://bacmet.biomedicine.gu.se/advanced_get_fasta.pl?accession=Q48262
nmtR," Nickel (Ni), Cadmium (Cd), Lead (Pb)",Mycobacterium tuberculosis,http://www.ncbi.nlm.nih.gov/pubmed/12163508/,http://bacmet.biomedicine.gu.se/advanced_get_fasta.pl?accession=O69711
nrsA, Nickel (Ni),Synechocystis sp. (strain PCC 6803 / Kazusa),http://www.ncbi.nlm.nih.gov/pubmed/10692354/,http://bacmet.biomedicine.gu.se/advanced_get_fasta.pl?accession=Q55935
nrsD/nreB," Nickel (Ni), Cobalt (Co)","Acinetobacter calcoaceticus (strain PHEA-2), Synechocystis sp. (strain PCC 6803 / Kazusa)",http://www.ncbi.nlm.nih.gov/pubmed/10692354/,http://bacmet.biomedicine.gu.se/advanced_get_fasta.pl?accession=F7UKI9
nrsS, Nickel (Ni),Synechocystis sp. (strain PCC 6803 / GT-S),http://www.ncbi.nlm.nih.gov/pubmed/11849552/,http://bacmet.biomedicine.gu.se/advanced_get_fasta.pl?accession=F7UKI4
nrsR, Nickel (Ni),Synechocystis sp. (strain PCC 6803 / GT-S),http://www.ncbi.nlm.nih.gov/pubmed/11849552/,http://bacmet.biomedicine.gu.se/advanced_get_fasta.pl?accession=F7UKI5
pbrA, Lead (Pb),Ralstonia metallidurans (strain CH34/ATCC 43123/DSM 2839),http://www.ncbi.nlm.nih.gov/pubmed/11544228/,http://bacmet.biomedicine.gu.se/advanced_get_fasta.pl?accession=Q58AJ6
pbrD, Lead (Pb),Ralstonia metallidurans (strain CH34/ATCC 43123/DSM 2839),http://www.ncbi.nlm.nih.gov/pubmed/11544228/,http://bacmet.biomedicine.gu.se/advanced_get_fasta.pl?accession=Q1LAL8
pcoD, Copper (Cu),Escherichia coli,http://www.ncbi.nlm.nih.gov/pubmed/8594334/,http://bacmet.biomedicine.gu.se/advanced_get_fasta.pl?accession=Q47455
pbrR, Lead (Pb),Herbaspirillum seropedicae (strain SmR1),http://www.ncbi.nlm.nih.gov/pubmed/11544228/,http://bacmet.biomedicine.gu.se/advanced_get_fasta.pl?accession=D8IQ72
pbrB/pbrC, Lead (Pb),Ralstonia metallidurans (strain CH34/ATCC 43123/DSM 2839),http://www.ncbi.nlm.nih.gov/pubmed/11544228/,http://bacmet.biomedicine.gu.se/advanced_get_fasta.pl?accession=Q58AJ7
pcoC, Copper (Cu),Escherichia coli,http://www.ncbi.nlm.nih.gov/pubmed/8594334/,http://bacmet.biomedicine.gu.se/advanced_get_fasta.pl?accession=Q47454
pcoA, Copper (Cu),Escherichia coli,http://www.ncbi.nlm.nih.gov/pubmed/8594334/,http://bacmet.biomedicine.gu.se/advanced_get_fasta.pl?accession=Q47452
pbrT, Lead (Pb),Alcaligenes xylosoxydans xylosoxydans,http://www.ncbi.nlm.nih.gov/pubmed/11544228/,http://bacmet.biomedicine.gu.se/advanced_get_fasta.pl?accession=Q5GR69
pcoB, Copper (Cu),Escherichia coli,http://www.ncbi.nlm.nih.gov/pubmed/8594334/,http://bacmet.biomedicine.gu.se/advanced_get_fasta.pl?accession=Q47453
pcoR, Copper (Cu),Escherichia coli,http://www.ncbi.nlm.nih.gov/pubmed/9141682/,http://bacmet.biomedicine.gu.se/advanced_get_fasta.pl?accession=Q47456
pcoE," Copper (Cu), Silver (Ag)",Escherichia coli,http://www.ncbi.nlm.nih.gov/pubmed/8594334/,http://bacmet.biomedicine.gu.se/advanced_get_fasta.pl?accession=Q47459
pmrA," Acriflavine [class: Acridine], Ethidium Bromide [class: Phenanthridine]",Streptococcus pneumoniae serotype 4 (strain ATCC BAA-334 / TIGR4),http://www.ncbi.nlm.nih.gov/pubmed/9869592/,http://bacmet.biomedicine.gu.se/advanced_get_fasta.pl?accession=P0A4K4
pgpA/ltpgpA," Arsenic (As), Antimony (Sb)",Leishmania tarentolae (Sauroleishmania tarentolae),http://www.ncbi.nlm.nih.gov/pubmed/7909316/,http://bacmet.biomedicine.gu.se/advanced_get_fasta.pl?accession=P21441
pfr," Iron (Fe), Copper (Cu), Manganese (Mn)",Helicobacter pylori,http://www.ncbi.nlm.nih.gov/pubmed/9782498/,http://bacmet.biomedicine.gu.se/advanced_get_fasta.pl?accession=P52093
pcoS, Copper (Cu),Escherichia coli,http://www.ncbi.nlm.nih.gov/pubmed/8594334/,http://bacmet.biomedicine.gu.se/advanced_get_fasta.pl?accession=Q47457
perO," Molybdenum (Mo), Tungsten (W), Vanadium (V)",Rhodobacter capsulatus,http://www.ncbi.nlm.nih.gov/pubmed/20851900/,http://bacmet.biomedicine.gu.se/advanced_get_fasta.pl?accession=D5AQ60
pitA," Zinc (Zn), Tellurium (Te)",Escherichia coli (strain K12),http://www.ncbi.nlm.nih.gov/pubmed/23189244/,http://bacmet.biomedicine.gu.se/advanced_get_fasta.pl?accession=P0AFJ7
pmrB, Iron (Fe),Erwinia carotovora ssp. Carotovora,http://www.ncbi.nlm.nih.gov/pubmed/14617142/,http://bacmet.biomedicine.gu.se/advanced_get_fasta.pl?accession=Q70FG9
pstA, Arsenic (As),Escherichia coli (strain K12),http://www.ncbi.nlm.nih.gov/pubmed/6998959/,http://bacmet.biomedicine.gu.se/advanced_get_fasta.pl?accession=P07654
pstB, Arsenic (As),Escherichia coli (strain K12),http://www.ncbi.nlm.nih.gov/pubmed/6998959/,http://bacmet.biomedicine.gu.se/advanced_get_fasta.pl?accession=P0AAH0
pmrG, Iron (Fe),Salmonella typhimurium (strain LT2 / SGSC1412 / ATCC 700720),http://www.ncbi.nlm.nih.gov/pubmed/16803591/,http://bacmet.biomedicine.gu.se/advanced_get_fasta.pl?accession=Q8ZNF4
pmrC, Iron (Fe),Salmonella typhimurium (strain LT2 / SGSC1412 / ATCC 700720),http://www.ncbi.nlm.nih.gov/pubmed/16803591/,http://bacmet.biomedicine.gu.se/advanced_get_fasta.pl?accession=Q70FH1
pstC, Arsenic (As),Escherichia coli (strain K12),http://www.ncbi.nlm.nih.gov/pubmed/6998959/,http://bacmet.biomedicine.gu.se/advanced_get_fasta.pl?accession=P0AGH8
rcnA/yohM," Cobalt (Co), Nickel (Ni), Iron (Fe)",Escherichia coli (strain K12),http://www.ncbi.nlm.nih.gov/pubmed/15805538/,http://bacmet.biomedicine.gu.se/advanced_get_fasta.pl?accession=P76425
pstS, Arsenic (As),Escherichia coli (strain K12),http://www.ncbi.nlm.nih.gov/pubmed/6998959/,http://bacmet.biomedicine.gu.se/advanced_get_fasta.pl?accession=P0AG82
rcnR/yohL," Cobalt (Co), Nickel (Ni), Iron (Fe)",Escherichia coli (strain K12),http://www.ncbi.nlm.nih.gov/pubmed/17120142/,http://bacmet.biomedicine.gu.se/advanced_get_fasta.pl?accession=P64530
rcnB/yohN," Nickel (Ni), Cobalt (Co)",Escherichia coli (strain K12),http://www.ncbi.nlm.nih.gov/pubmed/21665978/,http://bacmet.biomedicine.gu.se/advanced_get_fasta.pl?accession=P64534
silA, Silver (Ag),Salmonella typhimurium,http://www.ncbi.nlm.nih.gov/pubmed/9930866/,http://bacmet.biomedicine.gu.se/advanced_get_fasta.pl?accession=Q9ZHC9
ricR, Copper (Cu),Mycobacterium tuberculosis H37Rv,http://www.ncbi.nlm.nih.gov/pubmed/21166899/,http://bacmet.biomedicine.gu.se/advanced_get_fasta.pl?accession=O07434
ruvB," Chromium (Cr), Tellurium (Te), Selenium (Se)",Pseudomonas aeruginosa PAO1,http://www.ncbi.nlm.nih.gov/pubmed/16105671/,http://bacmet.biomedicine.gu.se/advanced_get_fasta.pl?accession=Q51426
silC, Silver (Ag),Salmonella typhimurium,http://www.ncbi.nlm.nih.gov/pubmed/9930866/,http://bacmet.biomedicine.gu.se/advanced_get_fasta.pl?accession=Q9ZHD2
recG," Chromium (Cr), Tellurium (Te), Selenium (Se)",Pseudomonas aeruginosa PAO1,http://www.ncbi.nlm.nih.gov/pubmed/16105671/,http://bacmet.biomedicine.gu.se/advanced_get_fasta.pl?accession=Q9HTL3
silB, Silver (Ag),Salmonella typhimurium,http://www.ncbi.nlm.nih.gov/pubmed/9930866/,http://bacmet.biomedicine.gu.se/advanced_get_fasta.pl?accession=Q9ZHD0
silR, Silver (Ag),Salmonella typhimurium,http://www.ncbi.nlm.nih.gov/pubmed/9930866/,http://bacmet.biomedicine.gu.se/advanced_get_fasta.pl?accession=Q9ZHD3
silP, Silver (Ag),Salmonella typhimurium,http://www.ncbi.nlm.nih.gov/pubmed/9930866/,http://bacmet.biomedicine.gu.se/advanced_get_fasta.pl?accession=Q9ZHC7
smtB/ziaR, Zinc (Zn),Cyanobacteria (e.g. Synechococcus elongatus (strain PCC 7942) (Anacystis nidulans R2)),http://www.ncbi.nlm.nih.gov/pubmed/8446025/,http://bacmet.biomedicine.gu.se/advanced_get_fasta.pl?accession=P30340
silS, Silver (Ag),Salmonella typhimurium,http://www.ncbi.nlm.nih.gov/pubmed/9930866/,http://bacmet.biomedicine.gu.se/advanced_get_fasta.pl?accession=Q9ZHD4
smtA," Zinc (Zn), Mercury (Hg)",Cyanobacteria (e.g. Synechococcus elongatus (strain PCC 7942) (Anacystis nidulans R2)); Escherichia coli (strain K12),http://www.ncbi.nlm.nih.gov/pubmed/1607014/,http://bacmet.biomedicine.gu.se/advanced_get_fasta.pl?accession=P30331
silE, Silver (Ag),Salmonella typhimurium,http://www.ncbi.nlm.nih.gov/pubmed/9930866/,http://bacmet.biomedicine.gu.se/advanced_get_fasta.pl?accession=Q9Z4N3
silF, Silver (Ag),Salmonella typhimurium,http://www.ncbi.nlm.nih.gov/pubmed/9930866/,http://bacmet.biomedicine.gu.se/advanced_get_fasta.pl?accession=Q9ZHD1
srpC," n-hexane [class: Alkane], Toluene [class: Aromatic hydrocarbons], Dimethylphthalate [class: Pthalate]",Pseudomonas putida,http://www.ncbi.nlm.nih.gov/pubmed/9417051/,http://bacmet.biomedicine.gu.se/advanced_get_fasta.pl?accession=O31101
tcrB, Copper (Cu),Enterococcus faecium (Streptococcus faecium),http://www.ncbi.nlm.nih.gov/pubmed/11959576/,http://bacmet.biomedicine.gu.se/advanced_get_fasta.pl?accession=Q8VPE6
terD, Tellurium (Te),Alcaligenes sp.,http://www.ncbi.nlm.nih.gov/pubmed/7665479/,http://bacmet.biomedicine.gu.se/advanced_get_fasta.pl?accession=P18781
terB, Tellurium (Te),Alcaligenes sp.,http://www.ncbi.nlm.nih.gov/pubmed/11016400/,http://bacmet.biomedicine.gu.se/advanced_get_fasta.pl?accession=P18779
terW, Tellurium (Te),Serratia marcescens subsp. Marcescens,http://www.ncbi.nlm.nih.gov/pubmed/16937251/,http://bacmet.biomedicine.gu.se/advanced_get_fasta.pl?accession=P75010
terE, Tellurium (Te),Alcaligenes sp.,http://www.ncbi.nlm.nih.gov/pubmed/11016400/,http://bacmet.biomedicine.gu.se/advanced_get_fasta.pl?accession=P18782
terC, Tellurium (Te),Alcaligenes sp.,http://www.ncbi.nlm.nih.gov/pubmed/7665479/,http://bacmet.biomedicine.gu.se/advanced_get_fasta.pl?accession=P18780
terA, Tellurium (Te),Alcaligenes sp.,http://www.ncbi.nlm.nih.gov/pubmed/3049247/,http://bacmet.biomedicine.gu.se/advanced_get_fasta.pl?accession=P18778
terZ, Tellurium (Te),Serratia marcescens subsp. Marcescens,http://www.ncbi.nlm.nih.gov/pubmed/7665479/,http://bacmet.biomedicine.gu.se/advanced_get_fasta.pl?accession=Q52353
trgA, Tellurium (Te),Rhodobacter sphaeroides (Rhodopseudomonas sphaeroides),http://www.ncbi.nlm.nih.gov/pubmed/9406390/,http://bacmet.biomedicine.gu.se/advanced_get_fasta.pl?accession=O33548
troC," Zinc (Zn), Manganese (Mn), Iron (Fe)",Treponema pallidum (strain Nichols),http://www.ncbi.nlm.nih.gov/pubmed/12668673/,http://bacmet.biomedicine.gu.se/advanced_get_fasta.pl?accession=P96118
trgB," Tellurium (Te), Copper (Cu)","Rhodobacterales bacterium Y4I, Rhodobacter capsulatus",http://www.ncbi.nlm.nih.gov/pubmed/9406390/,http://bacmet.biomedicine.gu.se/advanced_get_fasta.pl?accession=O07841
troA," Zinc (Zn), Manganese (Mn), Iron (Fe)",Treponema pallidum (strain Nichols),http://www.ncbi.nlm.nih.gov/pubmed/12668673/,http://bacmet.biomedicine.gu.se/advanced_get_fasta.pl?accession=P96116
troD," Zinc (Zn), Manganese (Mn), Iron (Fe)",Treponema pallidum (strain Nichols),http://www.ncbi.nlm.nih.gov/pubmed/12668673/,http://bacmet.biomedicine.gu.se/advanced_get_fasta.pl?accession=P96119
tunR," Tungsten (W), Molybdenum (Mo)",Desulfovibrio vulgaris Hildenborough (strain GZ6027),http://www.ncbi.nlm.nih.gov/pubmed/23913324/,http://bacmet.biomedicine.gu.se/advanced_get_fasta.pl?accession=Q72FN4
troB," Zinc (Zn), Manganese (Mn), Iron (Fe)",Treponema pallidum (strain Nichols),http://www.ncbi.nlm.nih.gov/pubmed/12668673/,http://bacmet.biomedicine.gu.se/advanced_get_fasta.pl?accession=P96117
troR," Zinc (Zn), Manganese (Mn), Iron (Fe)",Treponema pallidum (strain Nichols),http://www.ncbi.nlm.nih.gov/pubmed/12668673/,http://bacmet.biomedicine.gu.se/advanced_get_fasta.pl?accession=P96120
tupA, Tungsten (W),Eubacterium acidaminophilum,http://www.ncbi.nlm.nih.gov/pubmed/11292832/,http://bacmet.biomedicine.gu.se/advanced_get_fasta.pl?accession=Q93KD6
tupC, Tungsten (W),Eubacterium acidaminophilum,http://www.ncbi.nlm.nih.gov/pubmed/11292832/,http://bacmet.biomedicine.gu.se/advanced_get_fasta.pl?accession=Q93KD4
wtpA," Tungsten (W), Molybdenum (Mo)",Pyrococcus furiosus,http://www.ncbi.nlm.nih.gov/pubmed/16952940/,http://bacmet.biomedicine.gu.se/advanced_get_fasta.pl?accession=Q8U4K5
ybtP, Iron (Fe),Yersinia pestis,http://www.ncbi.nlm.nih.gov/pubmed/10231486/,http://bacmet.biomedicine.gu.se/advanced_get_fasta.pl?accession=Q9R7V3
tupB, Tungsten (W),Eubacterium acidaminophilum,http://www.ncbi.nlm.nih.gov/pubmed/11292832/,http://bacmet.biomedicine.gu.se/advanced_get_fasta.pl?accession=Q93KD5
wtpB," Tungsten (W), Molybdenum (Mo)",Pyrococcus furiosus,http://www.ncbi.nlm.nih.gov/pubmed/16952940/,http://bacmet.biomedicine.gu.se/advanced_get_fasta.pl?accession=Q8U4K4
wtpC," Tungsten (W), Molybdenum (Mo)",Pyrococcus furiosus,http://www.ncbi.nlm.nih.gov/pubmed/16952940/,http://bacmet.biomedicine.gu.se/advanced_get_fasta.pl?accession=Q8U4K3
ybtQ, Iron (Fe),Yersinia pestis,http://www.ncbi.nlm.nih.gov/pubmed/10231486/,http://bacmet.biomedicine.gu.se/advanced_get_fasta.pl?accession=Q9Z375
ycnK, Copper (Cu),Bacillus subtilis 168,http://www.ncbi.nlm.nih.gov/pubmed/19168619/,http://bacmet.biomedicine.gu.se/advanced_get_fasta.pl?accession=P94433
yfeD," Iron (Fe), Manganese (Mn)",Yersinia pestis,http://www.ncbi.nlm.nih.gov/pubmed/9495751/,http://bacmet.biomedicine.gu.se/advanced_get_fasta.pl?accession=Q56955
yfeA," Iron (Fe), Manganese (Mn)",Yersinia pestis,http://www.ncbi.nlm.nih.gov/pubmed/9495751/,http://bacmet.biomedicine.gu.se/advanced_get_fasta.pl?accession=Q56952
ycnJ, Copper (Cu),Bacillus subtilis168,http://www.ncbi.nlm.nih.gov/pubmed/19168619/,http://bacmet.biomedicine.gu.se/advanced_get_fasta.pl?accession=C0SP95
yfmP, Copper (Cu),Bacillus subutilis (strain 168),http://www.ncbi.nlm.nih.gov/pubmed/14663075/,http://bacmet.biomedicine.gu.se/advanced_get_fasta.pl?accession=O06474
yfeC," Iron (Fe), Manganese (Mn)",Yersinia pestis,http://www.ncbi.nlm.nih.gov/pubmed/9495751/,http://bacmet.biomedicine.gu.se/advanced_get_fasta.pl?accession=Q56954
yfeB," Iron (Fe), Manganese (Mn)",Yersinia pestis,http://www.ncbi.nlm.nih.gov/pubmed/9495751/,http://bacmet.biomedicine.gu.se/advanced_get_fasta.pl?accession=Q56953
mdrL/yfmO," Zinc (Zn), Cobalt (Cobalt), Chromium (Cr), Ethidium Bromide [class: Phenanthridine], Benzylkonium Chloride (BAC) [class: Quaternary Ammonium Compounds (QACs)]",Listeria monocytogenes,http://www.ncbi.nlm.nih.gov/pubmed/10856655/,http://bacmet.biomedicine.gu.se/advanced_get_fasta.pl?accession=Q9X769
zevB, Zinc (Zn),Haemophilus influenzae,http://www.ncbi.nlm.nih.gov/pubmed/21576338/,http://bacmet.biomedicine.gu.se/advanced_get_fasta.pl?accession=P44136
zevA, Zinc (Zn),Haemophilus influenzae,http://www.ncbi.nlm.nih.gov/pubmed/21576338/,http://bacmet.biomedicine.gu.se/advanced_get_fasta.pl?accession=P44137
zinT/yodA," Cadmium (Cd), Zinc (Zn)",Escherichia coli (strain K12),http://www.ncbi.nlm.nih.gov/pubmed/17632755/,http://bacmet.biomedicine.gu.se/advanced_get_fasta.pl?accession=P76344
ziaA, Zinc (Zn),Synechocystis sp. (strain PCC 6803 / Kazusa),http://www.ncbi.nlm.nih.gov/pubmed/9724772/,http://bacmet.biomedicine.gu.se/advanced_get_fasta.pl?accession=Q59998
yqjH," Iron (Fe), Nickel (Ni)",Escherichia coli (strain K12),http://www.ncbi.nlm.nih.gov/pubmed/21097627/,http://bacmet.biomedicine.gu.se/advanced_get_fasta.pl?accession=Q46871
zipB," Zinc (Zn), Cadmium (Cd)",Bordetella bronchiseptica (strain ATCC BAA-588 / NCTC 13252 / RB50) (Alcaligenes bronchisepticus),http://www.ncbi.nlm.nih.gov/pubmed/20876577/,http://bacmet.biomedicine.gu.se/advanced_get_fasta.pl?accession=Q7WJT8
smtB/ziaR, Zinc (Zn),Cyanobacteria (e.g. Synechococcus elongatus (strain PCC 7942) (Anacystis nidulans R2)),http://www.ncbi.nlm.nih.gov/pubmed/8446025/,http://bacmet.biomedicine.gu.se/advanced_get_fasta.pl?accession=P30340
zitB/ybgR, Zinc (Zn),Escherichia coli (strain K12),http://www.ncbi.nlm.nih.gov/pubmed/11443104/,http://bacmet.biomedicine.gu.se/advanced_get_fasta.pl?accession=P75757
zntA/yhhO," Lead (Pb), Cadmium (Cd), Zinc (Zn)",Escherichia coli (strain K12),http://www.ncbi.nlm.nih.gov/pubmed/9405611/,http://bacmet.biomedicine.gu.se/advanced_get_fasta.pl?accession=P37617
zneB/hmxB, Zinc (Zn),Ralstonia metallidurans (strain CH34 / ATCC 43123 / DSM 2839),http://www.ncbi.nlm.nih.gov/pubmed/20534468/,http://bacmet.biomedicine.gu.se/advanced_get_fasta.pl?accession=Q1LCD7
znuC/yebM, Zinc (Zn),Escherichia coli (strain K12),http://www.ncbi.nlm.nih.gov/pubmed/9680209/,http://bacmet.biomedicine.gu.se/advanced_get_fasta.pl?accession=P0A9X1
znuA/yebL, Zinc (Zn),Escherichia coli (strain K12),http://www.ncbi.nlm.nih.gov/pubmed/9680209/,http://bacmet.biomedicine.gu.se/advanced_get_fasta.pl?accession=P39172
zntR/yhdM, Zinc (Zn),Escherichia coli (strain K12),http://www.ncbi.nlm.nih.gov/pubmed/10048032/,http://bacmet.biomedicine.gu.se/advanced_get_fasta.pl?accession=P0ACS5
zraP, Zinc (Zn),Salmonella typhimurium (strain LT2/SGSC1412/ATCC 700720)Â ,http://www.ncbi.nlm.nih.gov/pubmed/9694902/,http://bacmet.biomedicine.gu.se/advanced_get_fasta.pl?accession=Q9L9I0
zraR/hydH, Zinc (Zn),Escherichia coli (strain K12),http://www.ncbi.nlm.nih.gov/pubmed/11243806/,http://bacmet.biomedicine.gu.se/advanced_get_fasta.pl?accession=P14375
znuB/yebI, Zinc (Zn),Escherichia coli (strain K12),http://www.ncbi.nlm.nih.gov/pubmed/9680209/,http://bacmet.biomedicine.gu.se/advanced_get_fasta.pl?accession=P39832
zraS/hydG," Zinc (Zn), Lead (Pb)",Escherichia coli (strain K12),http://www.ncbi.nlm.nih.gov/pubmed/11243806/,http://bacmet.biomedicine.gu.se/advanced_get_fasta.pl?accession=P14377
zur/yjbK, Zinc (Zn),Escherichia coli (strain K12),http://www.ncbi.nlm.nih.gov/pubmed/9680209/,http://bacmet.biomedicine.gu.se/advanced_get_fasta.pl?accession=P0AC51
zupT/ygiE," Zinc (Zn), Iron (Fe), Cobalt (Co), Nickel (Ni), Copper (Cu), Cadmium (Cd)",Escherichia coli (strain K12),http://www.ncbi.nlm.nih.gov/pubmed/15716430/,http://bacmet.biomedicine.gu.se/advanced_get_fasta.pl?accession=P0A8H3
